,lgdp,ltrade,linv,school,popg
lgdp,1.0,0.37430305750426274,0.0739301314161588,0.08046986705226328,-0.25997029339898764
ltrade,0.37430305750426274,1.0,0.203988269972495,0.10347773925764302,-0.11929805214862126
linv,0.0739301314161588,0.203988269972495,1.0,0.16259939188910488,0.0029024392159573754
school,0.08046986705226328,0.10347773925764302,0.16259939188910488,1.0,-0.10224317176464431
popg,-0.25997029339898764,-0.11929805214862126,0.0029024392159573754,-0.10224317176464431,1.0
