variable,VIF
const,173.2706217173527
ltrade,1.0653978537750488
linv,1.0673186506856511
school,1.0432867476467882
popg,1.033896437879608
